1,google.com
2,cloudflare.com
3,facebook.com
4,gstatic.com
5,gtld-servers.net
6,googleapis.com
7,microsoft.com
8,amazonaws.com
9,youtube.com
10,apple.com
11,instagram.com
12,mail.ru
13,akamai.net
14,ezviz7.com
15,fbcdn.net
16,twitter.com
17,dzen.ru
18,linkedin.com
19,office.com
20,domaincontrol.com
21,googlevideo.com
22,hicloudcam.com
23,googletagmanager.com
24,akamaiedge.net
25,amazon.com
26,live.com
27,akadns.net
28,azure.com
29,bing.com
30,github.com
31,wikipedia.org
32,whatsapp.net
33,fastly.net
34,apple-dns.net
35,appsflyersdk.com
36,googleusercontent.com
37,doubleclick.net
38,aaplimg.com
39,netflix.com
40,microsoftonline.com
41,office.net
42,trafficmanager.net
43,gandi.net
44,digicert.com
45,sharepoint.com
46,wordpress.org
47,youtu.be
48,skype.com
49,outlook.com
50,goo.gl
